,* 홀수형으로만,,,,,,,,,
작성자,시행년도,시행월,대상학년,문제 번호,지문 ,지문 분야,지문 주제,난이도,정답률,gpt 지문 주제
신유정,2015,3,1,18,,,,,,
신유정,2015,3,1,없음,,,,,,
신유정,2015,3,1,없음,,,,,,
신유정,2015,3,1,없음,,,,,,
신유정,2016,3,1,,,,,,,
신유정,2016,3,1,,,,,,,
신유정,2016,3,1,,,,,,,
신유정,2016,3,1,,,,,,,
신유정,2021,3,1,없음,,,,,,
신유정,2021,3,1,없음,,,,,,
신유정,2021,3,1,없음,,,,,,
신유정,2022,3,1,없음,,,,,,
신유정,2022,3,1,21,"(가)
플라톤은 초월 세계인 이데아계와 감각 세계인 현상계를 구분했다. 영원불변의 이데아계는 현상계에 나타난 모든 사물의 근본이 되는 보편자, 즉 형상(form)이 존재하는 곳으로 이성으로만 인식될 수 있는 관념의 세계이다. 반면 현상계는 이데아계의 형상을 바탕으로 만들어진 세계로 끊임없이 변화하는 사물이 감각에 의해 지각된다. 플라톤에 따르면 현상계의 모든 사물은 형상을 본뜬 그림자에 불과하다. 

 이러한 관점에서 플라톤은 예술을 감각 가능한 현상의 모방이라고 보았다. 예를 들어 목수는 이성을 통해 침대의 형상을 인식하고 그것을 모방하여 침대를 만든다. 그리고 화가는 감각을 통해 이 침대를 보고 그림을 그린다. 결국 침대 그림은 보편자에서 두 단계 떨어져 있는 열등한 것이며, 형상에 대한 참된 인식을 방해하는 허구의 허구에 불과하다. 이데아계의 형상 을 모방하여 생겨난 것이 현상인데, 예술은 현상을 다시 모방한 것이기 때문이다. 

 플라톤은 시가 회화와 다르다고 보았다. 고대 그리스에서 음유시인은 허구의 허구인 서사시나 비극을 창작하고, 이를 작품 속 등장인물의 성격에 어울리는 말투, 몸짓 같은 감각 가능한 현상으로 연기함으로써 다시 허구를 만들어 냈다. 이 과정에서 음유시인의 연기는 인물의 성격을 드러내는데, 이는 감각 가능한 외적 특성을 모방해 감각으로 파악될 수 없는 내적 특성을 드러내는 것이다. 

 플라톤은 음유시인이 용기나 절제 같은 덕성을 갖춘 인간이 아닌 저급한 인간의 면모를 모방할 수밖에 없다고 주장했다. 가령 화를 잘 내는 인물은 목소리가 거칠어지고 안색이 붉어지는 등 다양한 감각 가능한 현상들을 모방함으로써 쉽게 표현할 수 있지만, 용기나 절제력이 있는 인물에 수반되는 감각가능한 현상은 표현하기 어렵기 때문이다. 따라서 플라톤은 음유시인의 연기를 보는 관객들이 이성이 아닌 감정이나 욕구와 같은 비이성적인 것들에 지배되어 타락하게 된다고 보았다. 

(나)
아리스토텔레스는 이데아계가 존재한다고 보지 않았다. 예컨대 사람은 나이가 들며 늙는데, 만약 이데아계의 변하지 않는 어린아이의 형상과 성인의 형상을 바탕으로 각각 현상계의 어린아이와 성인이 생겨났다면, 현상계에서 어린아이가 성인으로 성장하는 것을 설명할 수 없기 때문이다. 

 아리스토텔레스는 형상 이 항상 사물의 생성과 변화의 바탕이 되는 질료 에 내재한다고 보고, 이를 가능태와 현실태라는 개념을 통해 설명하였다. 가능태란 형상을 실현시킬 수 있는 가능적 힘이자 질료를 의미하며, 현실태란 가능태에 형상이 실현된 어떤 상태이다. 가령 도토리는 떡갈나무가 되기 위한 가능태라면, 도토리가 떡갈나무가 된 상태가 현실태이다. 이처럼 생성ㆍ변화하는 모든 것은 목적을 향해 움직이므로 가능태에 있는 것은 형상이 완전히 실현된 상태인 ‘완전 현실태’를 향해 나아가는데, 이 이행 과정이 운동이다. 즉 운동의 원인은 외부가 아닌 가능태 자체에 내재한다. 아리스토텔레스에게 있어 예술의 목적은 개개의 사물에 내재하고 있는 보편자, 즉 형상을 표현해 내는 것이다. 이런 점에서 그는 시가 역사보다 우월하다고 주장했다.",인문,각 철학자의 예술관,중,72%,
,,,,,,,,,,
신유정,2022,3,1,없음,,,,,,
신유정,2023,3,1,없음,,,,,,
신유정,2023,3,1,없음,,,,,,
신유정,2023,3,1,28,"(가)
19세기에 분트는 인간의 정신세계가 의식으로 이루어져 있
다고 보고, 실험을 통해 인간의 정신 현상과 행동을 설명하는
실험심리학을 주창하였다. 이때 의식이란 깨어 있는 상태에서
자신이나 세계를 인식하는 모든 정신 작용을 의미한다. 그러나
프로이트는 정신 질환을 겪는 환자들을 치료하면서 인간에게
의식과는 다른 무의식 세계가 있다는 것을 발견하였다. 이에
그는 인간을 무의식의 지배를 받는 비합리적 존재로 간주하고, 
정신분석이론을 통해 인간의 정신세계를 ⓐ 규명하려 하였다. 프로이트에 의하면 인간의 정신세계 중 의식이 차지하는 영
역은 빙산의 일각일 뿐, 무의식이
정신세계의 대부분을 차지한다. 그
는 무의식의 심연에는 ‘원초아’가, 무의식에서 의식에 걸쳐 ‘자아’와
‘초자아’가 존재한다고 보았다. 원
초아는 성적 에너지를 바탕으로 본
능적인 욕구를 충족하려는 선천적
정신 요소이다. 반면 자아는 외적 상황으로 인해 충족되지 못
하고 지연되거나 좌절된 원초아의 욕구를 사회적으로 용인될
수 있는 방법으로 충족하려는 정신 요소이다. 마지막으로 초자
아는 도덕률에 따라 원초아의 욕구를 억제하고 양심에 따라
행동하도록 하는 정신 요소로, 어린 시절 부모의 종교나 가치
관 등을 내재화하는 과정에서 후천적으로 발달한다. 이러한 원초아, 자아, 초자아는 역동적으로 상호작용하면서
개인의 성격을 형성한다. 가령, 원초아가 강할 때는 본능적인
욕구에 집착하는 충동적인 성격이, 초자아가 강할 때는 엄격하
게 도덕을 지키려는 원칙주의적 성격이 나타난다. 자아는 원초
아와 초자아의 요구 사이에서 이를 조정하는 역할을 하기 때
문에, 정신적 균형을 이루기 위해서는 자아의 발달이 중요하
다. 만일 자아가 제 역할을 하지 못하면 정신 요소의 균형이
깨져 불안감이 생기는데, 자아는 이를 해소하기 위해 무의식적
으로 방어기제를 사용하게 된다. 대표적인 방어기제로는 억압
이나 승화 등이 있다. 억압은 자아가 수용하기 힘든 욕구를 무
의식 속으로 억누르는 것을, 승화는 그러한 욕구를 예술과 같
이 가치 있는 활동으로 ⓑ 전환하는 것을 의미한다. 개인마다
습관적으로 사용하는 방어기제가 다르기 때문에 어떤 방어기
제를 사용하느냐 또한 개인의 성격 형성에 영향을 미친다. 프로이트는 어린 시절에 해소되지 않은 원초아의 욕구나 정
신 요소 간의 갈등은 성인이 된 후에도 지속적으로 영향을 주
기 때문에, 이 시기에 부모와의 상호작용 경험이 성격 형성에
큰 영향을 준다고 설명하였다. 특히 그는 성인의 정신 질환을
어린 시절의 심리적 갈등이 재현된 것으로 보고, 이를 치유하
기 위해서는 무의식에 내재되어 있는 과거의 상처를 의식의
세계로 끌어내는 과정이 필요하다고 주장하였다. 이러한 프로
이트의 이론은 기존의 이론에서 ⓒ 간과한 무의식에 대한 탐구
를 통해 인간 이해에 대한 지평을 넓혔다는 평을 받고 있다. (나)
융은 프로이트의 정신분석이론에 반기를 들고, 분석심리학
을 주창하였다. 무의식을 단지 의식에서 수용할 수 없는 원초
적 욕구나 해결되지 못한 갈등의 창고로만 본 프로이트와 달
리, 융은 무의식을 인간이 잠재적 가능성을 실현할 때 필요한
창조적인 에너지의 샘으로 보았다는 점에서, 그의 분석심리학은 프로이트의 이론과 구별된다. 융은 정신세계의 가장 바깥쪽
에는 의식이, 그 안쪽에는 개인
무의식이, 그리고 맨 안쪽에는
집단 무의식이 순서대로 자리
잡고 있다고 보았다. 의식은 생
각이나 감정, 기억과 같이 인간
이 직접 인식할 수 있는 영역으로, 여기에는 ‘자아’가 존재한
다. 자아는 의식을 지배하는 동시에 무의식과 교류하며 이를
조정하는 역할을 한다. 개인 무의식은 의식에 의해 ⓓ 배제된
생각이나 감정, 기억 등이 존재하는 영역이다. 이곳에 존재하
는 ‘그림자’는 자아에 의해 억압된 ‘또 하나의 나’라고 할 수
있다. 마지막으로 집단 무의식은 태어날 때부터 누구나 가지고
있는 원초적이며 보편적인 무의식이다. 거기에는 진화를 통해
축적되어 온 인류의 경험이 ‘원형’의 형태로 존재한다. 가령
어두운 상황에서 누구나 공포심을 느끼는 것이 원형에 해당한
다.융에 따르면 집단 무의식의 가장 안쪽에는 ‘자기’가 존재한
다. 이는 정신세계에 내재하는 개인의 근원적인 모습이라고 할
수 있다. 융은 자아가 성찰을 통해 무의식의 심연에 존재하는
자기를 발견하면, 인간은 비로소 타인과 구별되는 고유한 존재
가 된다고 보고 이를 개별화라고 불렀다. 이는 의식에 존재하
는 자아가 무의식과 끊임없이 상호작용하며 무의식의 영역을
의식으로 통합하는 과정, 즉 ㉠ 무의식을 의식화하는 과정을
통해 이루어진다. 이 과정에서 자아는 자신의 또 다른 모습인
그림자와 ⓔ 대면하게 되고, 집단 무의식에 존재하는 여러 원
형들을 발견하게 된다. 결국 자아가 무의식의 심연에 존재하는
자기를 찾아가는 과정은 정신세계를 구성하는 자아와 그림자, 그리고 여러 원형들이 대립에서 벗어나 하나의 정신으로 통합
되면서 정신적 균형을 이루는 과정이라 할 수 있다. 이러한 과
정에서 개인은 내면의 성숙을 이루며 자신의 정체성을 찾게
된다.
",,,중,66%, 프로이트와 융의 무의식 이론을 비교하여 인간 정신세계의 구조와 작용을 설명
우수빈,2021,6,고1,16,"‘식욕’은 음식을 먹고 싶어 하는 욕망으로, 인간이 살아가는 데 필요한 영양분을 얻기 위해서 반드시 필요하다. 식욕은 기본적으로 뇌의 시상 하부*에 있는 식욕 중추*의 영향을 받는데, 이 중추에는 배가 고픈 느낌이 들게 하는 ‘섭식 중추’와 배가 부른 느낌이 들게 하는 ‘포만 중추’가 함께 있다. 우리 몸이 영양분을 필요로 하는 상태가 되면 섭식 중추는 뇌 안의 다양한 곳에 신호를 보낸다. 그러면 식욕이 느껴져 침의 분비와 같이 먹는 일과 관련된 무의식적인 행동이 촉진된다. 그러다 영양분의 섭취가 늘어나면, 포만 중추가 작용해서 식욕이 억제된다. 

 그렇다면 뇌에 있는 섭식 중추나 포만 중추는 어떻게 몸속 영양분의 상태에 따라 식욕을 조절하는 것일까? 여기에서 중요한 역할을 하는 것이 혈액 속을 흐르는 영양소인데, 특히 탄수화물에서 분해된 ‘포도당’과 지방에서 분해된 ‘지방산’이 중요하다. 먼저 탄수화물은 식사를 통해 섭취된 후 소장에서 분해되면, 포도당으로 변해 혈액 속으로 흡수된다. 그러면 혈중 포도당의 농도가 높아지고, 이를 줄이기위해 췌장에서 ‘인슐린’이라는 호르몬이 분비된다. 이 포도당과 인슐린이 혈액을 타고 시상 하부로 이동하여 포만 중추의 작용은 촉진하고 섭식 중추의 작용은 억제한다. 반면에 지방은 피부 아래의 조직에 중성지방의 형태로 저장되어 있다가 공복 상태가 길어지면 혈액 속으로 흘러가 간(肝)으로 운반된다. 그러면 부족한 에너지를 보충하기 위해
간에서 중성지방이 분해되고, 이 과정에서 생긴 지방산이혈액을 타고 시상 하부로 이동하여 섭식 중추의 작용은 촉진하고 포만 중추의 작용은 억제한다. 이와 같은 작용 원리에 따라 우리의 식욕은 자연스럽게 조절된다. 

 그런데 우리는 온전히 영양분 섭취만을 목적으로 식욕을 느끼는 것은 아니다. 예를 들어, ‘스트레스를 받으니까 매운 음식이 먹고 싶어.’처럼 영양분의 섭취와 상관없이 취향이나 기분에
좌우되는 식욕도 있다. 이와 같은 식욕은 대뇌의 앞부분에 있는‘전두 연합 영역’에서 조절되는데, 본래 이 영역은 정신적이고 지적인 활동을 담당하는 곳이지만 식욕에도 큰 영향을 미친다. 이곳에서는 음식의 맛, 냄새 등 음식에 관한 다양한 감각 정보를 정리해 종합적으로 기억한다. 또한 맛이 없어도 건강을 위해 음식을 섭취하는 것과 같이, 먹는 행동을 이성적으로 조절하는
일도 이곳에서 담당하는데, 전두 연합 영역의 지령은 신경 세포의 신호를 통해 섭식 중추와 포만 중추로 전해진다. 

 한편 전두 연합 영역의 기능을 알면, ⓐ음식을 먹은 후 ‘이젠 더 이상 못 먹겠다.’라고 생각하면서도 디저트를 먹는 현상을 쉽게 이해할 수 있다. 흔히 사람들이 ‘이젠 더 이상 못 먹겠다.’ 고 생각하는 이유는 실제로 배가 찼기 때문일 수도 있고, 배가 차지는 않았지만 특정한 맛에 질렸기 때문일 수도 있다. 그런데 이런 상황에도 불구하고 디저트를 먹는 현상은 모두 전두연합 영역의 영향을 받는다. 먼저, 배가 찬 상태에서는 전두 연합 영역의 영향으로 위(胃) 속에 디저트가 들어갈 공간을 마련할 수 있다. 전두 연합 영역의 신경 세포가 ‘맛있다’와 같은 신호를 섭식 중추로 보내면, 거기에서 ‘오렉신’이라는 물질이 나온다. 오렉신은 위(胃)의 운동에 관련되는 신경 세포에 작용해서, 위(胃)의 내용물을 밀어내고 다시 새로운 음식이 들어갈 공간
을 마련하는 것이다. 다음으로, 배가 차지 않은 상태이지만 전두 연합 영역의 영향으로 특정한 맛에 질릴 수 있다. 그래서 식사가 끝난 후에는 대개 단맛의 음식을 먹고 싶어 하게 되는데, 이는 주식이나 반찬에는 그 정도의 단맛을 내는 음식이 없기 때문이다. 따라서 우리가 “디저트 먹을 배는 따로 있다.”라고 하는 것은 생물학적으로 충분히 설득력 있는 표현이 되는 것이다.

* 시상 하부 : 사람이 의식적으로 통제하지 못하는 다양한 신체 시스템을
감시하고 조절하는 뇌의 영역. * 중추 : 신경 기관 가운데, 신경 세포가 모여 있는 부분. ",과학,식욕의 작용 원리,중하 ,11%, 인간의 식욕 조절 메커니즘과 식욕에 영향을 미치는 다양한 요인들
,2021,6,고1,없음 ,주제 문제 없음 ,-,-,-,,
,2021,6,고1,없음 ,주제 문제 없음 ,-,-,-,,
,2022,6,고1,16번,"  중화(中華)사상은 한족(漢族)이 자신들을 세계의 중심을 의미하는 중화로 생각하고, 주변국들이 자신들의 발달된 문화와 예법을 받아들여야 한다고 생각한 사상이다. 조선은 중화사상을 수용하여 한족 왕조인 명나라의 문화를 받아들이는 것을 당연시하였다. 17세기에 이민족이 ⓐ 세운 청나라가 중국 땅을 차지하였지만, 조선은 청나라를 중화라고 생각하지 않고 명나라의 부활을 고대하였다. 당시 송시열은 ‘오랑캐는 중국을 차지 할 수 없고 금수(禽獸)는 인류와 한 부류가 될 수 없다.’라고 하였는데, 이는 청나라를 공격하자는 북벌론과 청나라를 배척
하자는 척화론으로 이어졌다.

 18세기에 청나라가 정치적 안정을 이루고 조선이 북벌을 통해 명나라를 회복하기 어렵게 되자, 조선의 유학자들 사이에서는 조선이 중화의 계승자라는 인식이 보편화되었다. 이때 청나라
가 가진 발달된 문물을 도입하자는 북학파가 등장하였다. 그중 홍대용은 청나라의 발달된 문물은 오랑캐인 청나라가 만든 것이 아니라, 청나라가 중국 땅을 차지하며 가지게 된 한족의 문물로 보았다. 이런 생각은 청나라와 청나라의 문물을 구별한 것으로, 그가 저술한 ｢을병연행록｣에서도 발견된다. 이를 통해 이때까지도 그는 조선이 중화의 계승자라는 인식과 중화사상에서 벗어나지 못했음을 알 수 있다. 하지만 청나라 여행을 계기로 그곳에서 만난 학자들과 교류를 이어 가며 선진 문물과 새로운 학문을 탐구한 결과, 사상적 전환을 이루었고 이를 바탕으로 ｢의산문답｣을 저술하였다. 

 홍대용의 사상적 전환을 잘 보여 주는 것은 ｢의산문답｣에 실려 있는 지구설과 무한 우주설이다. 그는 하늘이 둥글고 땅이 모나다는 전통적인 천지관을 비판하고, 땅이 둥글다는 지구설을 주장하면서 그 근거로 일식과 월식을 이야기하였다. 일식과 월식이 둥글게 나타나는 것은 달과 우리가 사는 땅이 둥글기 때문이라는 것이다. 우리가 사는 땅은 둥글기 때문에 상하나 동서남북은 정해져 있지 않고, 개개인이 서 있는 곳이 각각 기준이 될 수 있다고 주장하였다. 또한 그는 하늘은 무한하여 형체를 알 수 없고 지구와 같은 땅이 몇 개가 되는지 알 수 없다는 무한 우주설을 주장하였다.

 지구설과 무한 우주설은 세상의 중심과 그 주변을 구별하는 중화사상과 다른 생각이다. 홍대용은 하늘에서 우리가 사는 세상을 본다면 이 땅이 무한한 우주에 비해 티끌만큼도 안 되며, 안과 밖을 구별하거나 중심과 주변을 나눌 수 없다고 보았다. 따라서 중국 안과 밖을 구별할 수 없고 중화와 오랑캐라는 구별도 상대적이라고 생각했다. 이에 따라 중화와 오랑캐로 여겨졌던 국가가 모두 동등하며, 사람들이 각자 제 나라와 제 문화를 기준으로 살아가는 것이 당연하다고 생각하였다. 이러한 그의 생각은 모든 사람들이 중심이 될 수 있고 존재 가치가 있다는 생각으로 이어졌고, 이를 바탕으로 그는 당시 유교적 명분을 내세우며 특권을 누리려 했던 양반들을 비판하였다. 또한 재주와 학식이 있는 자는 신분이 낮은 농부의 자식이라도 높은 관직에 오를 수 있어야 한다고 주장하였다. 어떤 국가와 문화, 사람도 각자 중심이 될 수 있고 존재 가치가 있다고 생각한 홍대용의 사상은 평등주의와 다원주의를 우리 역사에서 선구적으로 보여 주었다는 점에서 의의가 있다.",인문,홍대용의 사상과 그 의의,,,"홍대용의 사상적 전환과 그의 평등주의적, 다원주의적 사고를 통해 중화사상에 대한 비판과 새로운 인식을 설명"
,2022,6,고1,21번,"
 전자 녹음 장치에 녹음된 자신의 목소리를 스피커를 통해
들으면 어색하게 느껴진다. 그 이유를 이해하기 위해서는 소
리가 무엇이며 어떤 과정을 통해 들리게 되는지 살펴볼 필요가
있다.
 소리는 물체의 진동에 의해 발생하고 매질의 진동으로 전달
되는 파동이다. 소리가 들린다는 것은 매질의 진동이 내이에
도달하여 달팽이관 속 림프액을 진동시켜 섬모가 흔들리고, 이
로 인해 발생한 전기 신호가 청각 신경을 따라 뇌에 전달됨을
의미한다. 이때 소리가 내이에 도달하는 방식으로는 외이와 중
이를 거치는 공기 전도와 이를 거치지 않는 골전도가 있다.
공기 전도는 공기를 매질로 소리가 내이에 전달되는 것을
의미한다. 물체의 진동이 주변 공기를 진동시키면 귓바퀴가 이
진동을 모아 귓속으로 보내고, 그 결과 진동은 외이도를 지나
게 된다. 귓바퀴와 외이도 등 진동이 지나가는 각 지점에서는
소리의 공명이 발생한다. 공명이란 공명 주파수*에서 진폭이
커지는 현상을 말하는데 외이도의 경우 공명 주파수는 성인
기준으로 2,500 ~ 2,700Hz이다. 공명 주파수는 외이도의 길이에
반비례하기 때문에, 외이도의 길이가 성인보다 짧은 유아는 공명
주파수가 더 높다. 이러한 공명에 의해 증폭된 진동은 고막을
진동시키고 고막의 진동은 청소골에서 더욱 증폭되어 내이에
전달된다.
 이에 반해 골전도는 귀 주변 뼈를 매질로 소리가 내이에 바
로 전달되는 것이다. 대화할 때 들리는 자신의 목소리에는 성
대에서 발생한 진동이 공기 전도를 통해 전달된 소리와 골전
도를 통해 전달된 소리가 함께 있다. 자신의 목소리 중에서
20 ~ 1,000Hz의 소리는 골전도로는 잘 전달이 되지만, 외이와
중이에서 공명이 잘 일어나지 않아 공기 전도로는 잘 전달되지
않는다. 녹음된 자신의 목소리를 스피커를 통해 들으면 골전도를
통해 듣던 소리는 잘 들리지 않으므로 어색함을 느끼게 되는
것이다. 한편 외이와 중이에 이상이 있는 사람도 골전도를 통해서는
소리를 들을 수 있는데, 이를 이용한 보청기도 사용되고 있다. 최근에는 이어폰에도 골전도의 원리가 이용되고 있다. 이어폰
내부에는 일반적으로 내부 자기장을 형성하는 자석과 보이스
코일이 있다. 보이스코일에 교류 전류를 가하면 내부 자기장에
의해 보이스코일에 인력과 척력이 교대로 작용하여 보이스코
일에 진동이 발생한다. 이때 전류의 방향이 바뀌는 주기를 짧
게 할수록 주파수가 높아져 높은 음의 소리가 난다. 또 전류를
세게 할수록 진폭이 커져 음량이 높아진다. ㉠ 일반적인 이어폰
은 이러한 진동을 공기를 통해 전달하는데, ㉡ 골전도 이어폰
은 귀 주변 뼈에 진동판을 밀착하여 진동을 내이로 직접 전달
한다. 골전도 이어폰은 일반적인 이어폰과 달리 귀를 막지 않고
사용하기 때문에 다양한 장점이 있다. 우선 귀 내부가 습해지는
것을 방지할 수 있고 고막을 직접 자극하지 않는다. 또 야외
활동 시 착용해도 주변 소리를 들을 수 있어 위험 상황에 잘
대처할 수 있다. 그러나 골전도 이어폰을 사용해도 내이는 자
극이 되므로 장시간 사용하면 청각 신경이 손상될 수 있어 주의
해야 한다.
* 공명 주파수 : 공명 현상이 일어나거나 공명에 의해 강해지는 주파수.",과학 ,소리가 전달되는 두 가지 방식,,,"소리가 들리는 과정과 골전도의 원리를 설명하고, 골전도가 적용된 이어폰의 장점과 주의사항"
,2022,6,고1,36번 ,"어떤 제약 회사에서 특정한 병에 효과가 있는 새로운 약을
만들고 있다고 가정해 보자. 신약 개발은 엄청난 자본이 들어
가는 일이기 때문에 경영자는 신중하게 판단을 해야 한다. 경
영자는 신약이 효과가 있다는 것을 확인하기 위해 가설 검정의
방법을 사용할 수 있다. 가설 검정은 ⓐ 모순된 관계에 있는
두 개의 가설을 세우고 실험을 통해 얻은 통계 자료로 가설의
참 또는 거짓을 판단하는 것이다. 가설 검정을 위해 경영자는
‘신약이 효과가 있다.’와 ‘신약이 효과가 없다.’라는 가설을 설
정한다. 전자는 판단하는 이가 주장하려는 가설로 ‘대립(對立)
가설’이라 하고 후자는 주장하고 싶은 내용과는 반대되는 가설
인 ‘귀무(歸無)가설’이라 한다.
 ‘신약이 효과가 있다.’라는 대립가설을 입증하기 위해서는
특정 질병을 겪고 있는 모든 환자에게 신약을 투약해 보면 된다. 하지만 전체를 대상으로 실험하는 것은 현실적으로 불가능하기
때문에 대립가설을 기준으로 가설 검정을 하지는 않는다. 대신
가설 검정에서는 귀무가설이 참이라고 가정한 상태에서, 일부
환자에게 투약해서 얻은 자료를 바탕으로 확률에 근거하여 귀
무가설의 기각 여부를 결정한다. ‘신약이 효과가 없다.’라는
귀무가설 아래에서 투약하였는데 관찰한 결과 ⓑ 병이 호전된
경우가 많았다고 하자. 이는 ‘신약이 효과가 없다.’가 타당하지
않은 것이므로, 경영자는 ⓒ귀무가설을 버리고 대립가설을 채택
하면 된다. 한편 ‘신약이 효과가 없다.’라는 귀무가설 아래에서
투약하였고, 관찰 결과 병이 낫지 않은 경우가 더 많았다고 하
자. 이때는 귀무가설을 버릴 수 없다. 이처럼 가설 검정은 ‘귀
무가설을 기각한다.’ 또는 ‘귀무가설을 기각하지 못한다.’라는
의사 결정을 중심으로 대립가설의 채택 여부가 결정된다. 경영자가 의사 결정을 하는 과정에서는 두 가지 오류가 발
생할 수 있다. 귀무가설이 참인데도 불구하고 귀무가설을 기각
하는 결정을 내린 것을 ‘1종 오류’라고 한다. 앞선 예에서 실
제로는 약효가 없는데도 약효가 있다고 판단하는 것이다. 그리
고 귀무가설이 참이 아닌데 귀무가설을 기각하지 못한 결정을
내린 것을 ‘2종 오류’라고 한다. 실제로는 약효가 있지만 약효
가 없다고 판단하는 것이다. 이러한 오류는 판결에서도 나타날
수 있다. 증거에 의해 ‘피고인은 유죄이다.’라는 대립가설이 채
택되기 전까지는 ‘피고인은 무죄이다.’라고 가정한다. 판사는
확보된 증거를 바탕으로 ⓓ 귀무가설의 기각 여부를 판단해야
한다. 이때 판사가 무죄인 사람에게 유죄를 선고하는 것은 1종
오류, 유죄인 사람에게 무죄를 선고하는 것은 2종 오류에 해
당한다. 오류들 중 상대적으로 더 심각한 문제를 초래하는 것은 1종
오류이다. 효과가 있는 약을 출시하지 못해서 기업이 수익을
창출할 기회를 잃어버리는 상황에 비해, 시장에 출시했는데 약
의 효능이 없어서 회사가 신뢰를 잃는 위험이 더 크다. 또한
죄가 있는데 무죄 판결을 내리는 것보다 결백한 사람에게 유
죄 판결을 내리는 것이 더 심각한 문제이다. 그런데 ⓔ 두 가
지 오류를 동시에 줄일 수는 없다. 한쪽 오류를 줄이면 그만큼
반대쪽 오류는 늘어나기 때문이다. 만약 경영자가 약의 효능과
는 무관하게 일단은 약을 출시하기로 결정했다면 2종 오류는
배제할 수 있지만 그만큼 1종 오류는 늘어나게 된다. 따라서 가설 검정 과정에서는 1종 오류가 발생할 확률의 최대
허용 범위인 ㉠ 유의 수준을 가급적 낮게 정한다. 예를 들어 유의 수준이 5%라면 백 번의 시행 중 다섯 번 이내로 1종 오류
가 발생하더라도 우연히 일어난 일로 보고 대립가설을 채택하
지만, 이 값을 넘어서면 귀무가설을 기각하지 못한다는 것이다. 또한 유의 수준은 실험을 하기 전에 미리 정하며, 사람의 생명이
나 인권과 결부된 것이라면 유의 수준은 더 낮게 잡아야 한다.",사회 ,"가설 검정과 판단 과정에서 
발생할 수 있는 두 가지 오류",,,"가설 검정의 개념과 절차, 그리고 가설 검정 과정에서 발생할 수 있는 오류들"
,2023,6,고1,16번,"상담 이론이자 상담 기법인 ‘현실요법’에서는 인간의 다섯 가
지 기본 욕구를 제시하고 있다. 이 이론에서는 개인의 모든 행동
은 기본 욕구를 충족시키기 위해서 그 자신이 선택하는 것이라
보았다. 만약 이러한 선택으로 문제가 발생한다면 다섯 가지 기
본 욕구를 실현 가능한 수준으로 타협하고 조절해 새로운 선택
을 할 필요가 있다고 ⓐ제안했다. 다섯 가지 기본 욕구 중 첫째는 ‘생존의 욕구’로, 자신의 삶을
유지하려는 생물학적인 속성이다. 사회적 규칙이나 상식을 지키
려는 욕구이며, 생존에 필요한 것을 아끼고 모으려는 욕구이기도
하다. 이 욕구가 강한 사람은 건강과 안전을 중시하는 편이다. 둘째는 ‘사랑의 욕구’로, 사랑하고 나누며 함께하고자 하는 욕구
이다. 이 욕구가 강한 사람은 타인을 잘 돕고, 사랑을 주는 만큼
받는 것도 중요하게 여기기에 인간관계에서 힘들어하기도 한다. 셋째는 ‘힘의 욕구’로, 경쟁하여 성취하고 인정받고 싶어 하는 욕
구이다. 이 욕구가 강한 사람은 직장에서의 성공과 명예를 중시
하고 높은 사회적 지위에 ⓑ도달하기 위해 노력한다. 또한 자기
가 옳게 여기는 것에 대한 의지가 있어 자기주장이 강하며 타인
에게 지시하는 일에 능하다. 넷째는 ‘자유의 욕구’로, 무언가에
얽매이지 않고 벗어나고 싶어 하는 욕구이다. 이 욕구가 강한 사
람은 상대방을 구속하는 것, 자신을 구속시키는 것을 싫어한다. 그래서 상대방에게 대체로 관대하고, 혼자 하는 것을 좋아하며, 사람들과 적정한 거리를 유지하는 것을 편하게 여긴다. 다섯째는
‘즐거움의 욕구’로, 새로운 것을 배우고 놀이를 통해 즐기고 싶어
하는 욕구이다. 이 욕구가 강한 사람은 취미 생활을 즐기며, 잘
웃고 긍정적 태도를 취한다. 또한 호기심이 많기에 배우는 것을
좋아한다. 현실요법에서는 이 다섯 가지 욕구들의 강도가 개인마다 달라
행동 양상이 다양하게 나타나고, 여러 가지 갈등을 겪을 수도 있
다고 보았다. 현실요법은 우선 내담자*가 자신의 욕구를 들여다
볼 수 있도록 한 다음, 약한 욕구를 북돋아 주거나 강한 욕구들
사이에서 타협과 조절을 하여 새로운 선택을 하도록 이끄는 단
계를 밟는다. 예를 들어 사랑의 욕구가 강하고 힘의 욕구가 약한
사람이 타인의 부탁에 불편함을 느끼면서도 거절하지 못해 괴로
워한다고 가정해 보자. 이 경우 현실요법에서는 ㉠힘의 욕구를
북돋아 자기주장을 표현할 수 있도록 도울 수 있다. 또 자유의
욕구와 힘의 욕구 모두가 강한 사람은 자신이 ⓒ선호하는 것을
우선시하고 이것이 방해받으면 불편해하며 주변 사람들과 갈등
을 일으킬 수 있다. 이 경우 힘의 욕구를 조절하도록 이끌 수 있
는데, 타인과의 사소한 의견 충돌 상황에서 자기주장을 강조하기
보다는 타인의 마음을 헤아리고 그 의견을 ⓓ겸허하게 수용하는
연습을 하게 할 수 있다. 현실요법은 타인의 욕구 충족을 방해하지 않으면서 효과적인
선택을 통해 자신의 욕구를 충족시키려 한다. 이는 내담자가 외
부 요인에 의해 통제되는 존재가 아니라 스스로 자신의 욕구를
조절할 수 있는 주체라고 보는 관점을 기반으로 한다. 현재 현실
요법은 상담 분야에서 호응을 얻어 심리 상담에 널리 ⓔ활용되
고 있다. ",인문,"현실요법에서 제시한 다섯 가지 기본 욕구의
개념을 밝히고 현실요법의 적용 사례",,,현실요법은 인간의 기본 욕구를 조절해 문제를 해결하고 자율적으로 변화를 이끄는 상담 기법이다.
,2023,6,고1,21번,"물이 담긴 욕조의 마개를 빼면 물이 배수구 주변에서 회전하
며 소용돌이를 일으킨다. 배수구에서 멀리 떨어져 있으면 빨려
들어가는 속도의 크기가 0에 가깝고, 배수구 중앙에 가까울수록
속도가 빨라진다. 원운동을 하는 물체의 이동 거리, 즉 호의 길
이가 시간에 따라 변하는 비율을 원주속도라고 한다. 욕조의 소
용돌이 중심과 가장 가까운 부분에서 최대 원주속도가 나오고, 소용돌이 중심에서 멀어져 반지름이 커짐에 따라 원주속도가 감
소한다. 이 소용돌이를 ‘자유 소용돌이’라 하는데, 배수구로 들어
간 물은 물체의 자유낙하처럼 중력의 영향 아래 물 자체의 에너
지로 운동을 유지한다. 이와 달리 컵 속의 물을 숟가락으로 강하게 휘젓거나 컵의 중
심선을 회전축으로 하여 컵과 물을 함께 회전시키는 상황을 생
각해 보자. 이때 원심력 등이 작용해 중심의 물 입자들이 컵 가
장자리로 쏠려 컵 중앙에 있는 물의 압력이 낮아지면서 ㉠ 가운
데가 오목한 소용돌이가 만들어진다. 회전이 충분히 안정되면
물 전체의 회전 속도, 즉 회전하는 물체의 단위 시간당 각도 변
화 비율인 ㉡각속도가 똑같아져 마치 팽이가 돌듯이 물 전체가
고체처럼 회전한다. 이때 물은 팽이의 회전과 같이 회전 중심은
원주속도가 0이 되고 중심에서 멀어질수록 반지름에 비례하여
원주속도가 증가하는 분포를 보인다. 이 소용돌이를 ‘강제 소용
돌이’라 하는데, 용기 안의 물이 회전 운동을 유지하려면 에너지
를 외부에서 인위적으로 제공해야 한다. 숟가락으로 컵 안에 강제 소용돌이
를 만든 후 숟가락을 빼고 일정한 시
간 동안 관찰하면 가운데에는 강제
소용돌이, 주변에는 자유 소용돌이가
발생한다. <그림>에서 보는 것처럼
이를 ‘랭킨의 조합 소용돌이’라고 한
다. 이는 전체를 강제로 회전시킨 힘
을 제거했을 때 바깥쪽에서는 원주속
도가 서서히 떨어지고, 중심에서는 원주속도가 유지되는 상태의
소용돌이다. 조합 소용돌이에서는 소용돌이 중심에서 원주속도가
최소가 되고, 강제 소용돌이에서 자유 소용돌이로 전환되는 점
에서 원주속도가 최대가 된다. 조합 소용돌이의 예로 ㉢태풍의
소용돌이를 들 수 있다. 이러한 원리를 적용한 분체 분리기는 기체나 액체의 흐름으로
분진 등 혼합물을 분리하는 장치이다. 혼합물에 작용하는 원심
력도 이용하기 때문에 원심 분리기, 공기의 흐름이 기상 현상의
사이클론과 비슷해서 사이클론 분리기라고도 한다. 그 예로 쓰
레기용 필터가 없는 가정용, 산업용 ㉣ 사이클론식 청소기를 들
수 있다. 원통 아래에 원추 모양의 통을 붙이고 원추 아래에 혼
합물 상자를 두는데, 내부 중앙에는 별도의 작은 원통인 내통이
있다. 혼합물을 함유한 공기를 원통부 가장자리를 따라 소용돌
이를 만들어 시계 방향으로 흘려보내면, 혼합물은 원통부와 원
추부 벽면에 충돌하여 떨어져 바닥에 쌓인다. 유입된 공기는 아
래쪽 원추부로 향할수록 원주속도를 증가시키는 자유 소용돌이
를 만들고, 원추부 아래쪽에서는 강해진 자유 소용돌이가 돌면
서 강제 소용돌이를 만들어 낸다. 강제 소용돌이는 용기 중앙의
내통에서 혼합물이 없는 공기로 흐르게 되어 반시계 방향으로
돌며 배기된다.",과학 ," 실생활에서 접할 수 있는 소용돌이의
종류를 세 가지",,,"자유 소용돌이와 강제 소용돌이의 특성 및 원리를 설명하고, 이를 활용한 분체 분리기의 작동 원리를 다룬다."
,2023,6,고1,38,"어떤 안건을 대하는 집단 구성원들의 생각은 각기 다르므로, 상이한 생각들을 집단적 합의에 이르게 하는 의사 결정 과정이
필요하다. 공공 선택 이론은 이처럼 집단을 구성하는 개인의
의사가 집단의 의사로 통합되는 과정을 다룬다. 직접 민주주의
하에서의 의사 결정 방법으로 단순 과반수제, 최적 다수결제, 점수 투표제, 보르다(Borda) 투표제 등이 있다. ㉠ 단순 과반수제는 투표자의 과반수가 지지하는 안건이 채
택되는 다수결 제도이다. 효율적으로 의사 결정이 이루어져 많
이 사용되고 있으나, 각 투표자는 찬반 여부를 표시할 뿐 투표
결과에는 선호 강도가 드러나지 않아 안건 채택 시 사회 전체
의 후생*이 감소할 가능성이 있다. 이는 다수의 횡포에 의해 소
수의 이익이 침해되는 상황이 발생할 수 있음을 의미한다. 또
한 어떤 대안들을 먼저 비교하는가에 따라 그 결과가 달라지는
ⓐ ‘투표의 역설’ 현상이 나타날 수 있다. 예를 들어, 갑, 을, 병
세 사람이 사는 마을에 정부에서 병원, 학교, 경찰서 중 하나를
지어 줄 테니 투표를 통해 선택하라고 제안하였고, 이때 세 사
람의 선호 순위가 다음 <표>와 같다고 하자. 세 가지 대안을
동시에 투표에 부치면 하나의 대안으로 결정되지 않는다. 그래
서 먼저 병원, 학교, 경찰서 중 두 대안을 선정하여 다수결로
결정한 후 남은 한 가
지 대안과 다수결로 승
자를 결정하면 최종적
으로 하나의 대안이 결
정된다. 즉, 비교하는 대
안의 순서에 따라 <표>
의 투표 결과는 달라지
게 된다. 최적 다수결제는 투표에 따르는 총비용이 최소화되는 지
점을 산정한 후, 안건의 찬성자 수가 그 이상이 될 때 안
건이 통과되는 제도이다. 이때의 총비용은 의사 결정 비용
과 외부 비용의 합으로 결정된다. 의사 결정 비용은 투표
자들의 동의를 구하는 데 드는 시간과 노력에 따른 비용을
의미하며, 찬성표의 비율이 높을수록 증가한다. 외부 비용
은 어떤 안건이 통과됨에 따라 그 안건에 반대하였던 사람
들이 느끼는 부담을 의미하며, 찬성표의 비율이 높아질수
록 낮아지며 모든 사람이 찬성할 경우에는 0이 된다. 안건
통과에 필요한 투표자 수가 증가할수록 의사 결정 비용이
증가하므로 의사 결정 비용 곡선은 우상향한다. 이와 달리
외부 비용은 감소하므로 외부 비용 곡선은 우하향하며, 두
곡선을 합한 총비용 곡선은 U자 형태로 나타난다. 이때 총
비용이 최소화되는 곳이 최적 다수결제에서의 안건 통과의
기준이 되는 최적 다수 지점이 된다. 이 제도는 의사 결정
과정을 이론적으로 명쾌하게 설명할 수 있지만, 최적 다수
결의 기준을 정하는 데 시간을 지나치게 소비하게 된다는
단점이 있다. ㉡ 점수 투표제는 각 투표자에게 일정한 점수를 주고 각 투
표자가 자신의 선호에 따라 각 대안에 대하여 주어진 점수를
배분하여 투표하는 제도로, 합산하여 가장 많은 점수를 얻은
대안이 선택된다. 투표자의 선호 강도에 따라 점수를 배분하므
로 투표자의 선호 강도가 잘 반영된다. 소수의 의견도 투표 결
과에 잘 반영되며, 투표의 역설이 나타나지 않는다는 장점이 있다. 하지만 전략적 행동에 취약하여 투표 결과가 불규칙하게
바뀔 수 있다는 단점이 있다. 전략적 행위란 어떤 투표자가 다
른 투표자의 투표 성향을 예측하고 자신의 행동을 이에 맞춰
변화시킴으로써 자기가 원하는 것을 얻으려 하는 태도를 뜻한
다. 이 행위는 어떤 투표 제도에서든 나타날 수 있으나, 점수
투표제에서 나타날 가능성이 높다. ㉢ 보르다 투표제는 n개의 대안이 있을 때 가장 선호하는 대
안부터 순서대로 n, (n-1), …, 1점을 주고, 합산하여 가장 높
은 점수를 받은 대안을 선택하는 투표 방식으로, 점수 투표제
와 달리 오로지 순서에 의해서만 선호 강도를 표시한다. 이 제
도하에서는 일부에게 선호도가 아주 높은 대안보다는 투표자
모두에게 어느 정도 차선이 될 수 있는 ⓑ 중도의 대안이 채택
될 가능성이 높으며, 점수 투표제와 마찬가지로 투표의 역설이
발생하지 않는다. * 후생 : 사회 구성원들의 복지 수준. ",사회,"집단을 구성하는 개인들의 의사를 집
단의 의사로 통합하기 위한 의사 결정 과정인 공공 선택 이론",,,공공 선택 이론에서 집단의 의사를 결정하는 다양한 투표 방식을 설명한다.
,,,,,,,,,,
,,,,,,,,,,
,2023,9,1,21,"(가) 
 ‘세계’는 그것을 대면한 각 인식 주체들에 의해 다양하게 
드러난다. 가장 일차적이고 일반적인 세계는 우리가 경험하
는 현실 세계이며, 인식 주체들은 각자가 지닌 조건에 따라 
현실 세계를 다양하게 인식한다. 한 예로, 각 인식 주체는 서
로 다른 가시 및 가청 범위를 가지며, 이러한 신체적 지각의 
차이에 따라 그들이 경험하는 세계에 대한 인식도 각기 달라
진다. 또한 인식 주체는 일상 언어를 바탕으로 현실 세계를 
인식한다. 예를 들어 연속된 시간을 시, 분으로 표현하는 것
처럼 일상 언어는 연속된 세계를 분절하여 인식하게 만든다. 그런데 신체적 지각이나 일상 언어는 고정적이지 않다. 운
동선수처럼 반복적 수련을 하거나 안경 등의 도구를 이용하
면 인식 주체들이 지닌 조건은 ⓐ 달라질 수 있으며, 새로 도
입된 낯선 언어가 시간이 흐르면서 일상 언어로 자리 잡기도 
한다. 인식 주체들에 의해 드러나는 각각의 세계는 세계 전체를 
이루는 여러 얼굴이라 할 수 있다. 인식 주체들의 인식 조건
은 다양하므로 각각의 인식틀에 따라 저마다의 얼굴, 즉 각
각의 존재면이 드러나게 된다. 그런 의미에서 회화 예술은 세
계의 다양한 존재면을 드러내는 작업이다. 의식 수준이 성장함에 따라 인간은 점차 현실 세계의 현상 
너머에 있는 형이상학적인 것을 갈망하게 되었다. 이런 경향
은 현대회화에도 영향을 ⓑ 끼쳤으며, 회화에서 현실 세계를 
다루는 양상에도 변화가 나타났다. 현대회화의 존재적 특징은
과학과의 비교를 통해 분명해진다. 과학은 존재면이 비교적 
일의적이며, 한 존재면을 수직으로 파고들어 그 면을 심층적
으로 드러낸다. 예를 들어 생물학은 종, 개체, 기관, 세포, 유
전자 등 무수한 면들을 드러내나, 이 면들은 넓게 보면 같은 
면의 객관적 심층이다. 그러나 현대회화는 여러 존재면을 수
평적으로 드러낸다. 예를 들어 입체주의나 표현주의 현대회
화를 보면, 하나의 그림 위에 일상의 현실 세계와 상상에 의
한 가능 세계가 혼재해 있음을 알 수 있다. 현실 세계의 실재를 있는 그대로 재현하고자 했던 ㉠ 전통회화와 달리 ㉡ 현대
회화는 변형과 과장을 통해 실재와는 다른 방식으로 세계들을 
조합해 나간 것이다. 이러한 현대회화의 추상성은 처음에는 
혁신적이었으나 점차 보편적인 것이 되었다. 추상의 강도가 더해질수록 현대회화는 실재의 재현에서 더
욱 ⓒ 멀어져, 실재가 아닌 화가의 내면을 표현하는 것으로 인
식되었다. 내면은 상상의 영역이기에, 전통회화와 달리 현대
회화로는 현실 세계의 존재면을 드러내기 어렵다는 인식도 생
겨났다. 그러나 현대회화의 추상성에 대해 실재는 배제한 채 
내면만 표현한 것이라고 이분법적으로 이해하는 것은 적절하
지 않다. 상상의 대부분은 현실의 경험에서 ⓓ 비롯되며, 내면
의 추상적 영역 또한 객관적 실재의 외면을 이질적으로 변형
시켜 존재를 다양하게 드러내는, 세계의 무수한 존재면 중 하
나이기 때문이다. 회화를 통해 접하는 다양한 가능 세계와의 
만남은 우리를 현실 세계에 더 가까이 다가가게 해 준다. (나)
 회화는 캔버스 위에 물감으로 색과 형태를 드러낸 가시적 
존재지만, 회화의 의미가 창작자의 주관이나 감상자의 주관
에 따라 다양하게 형성된다는 점에서 비가시적 존재이기도 
하다. 이렇듯 회화는 가시적이면서 동시에 비가시적인 독특
한 존재 방식을 갖는다. 전통회화는 회화의 가시적 속성을 통해 객관적 세계의 외
면을 사실적으로 재현하는 데 주목했다. 이에 반해 현대회화
는 회화의 가시적 속성을 통해 화가의 비가시적 내면을 드러
내는 데 치중한다. 현대회화는 화가들이 자신만의 관념적 세
계를 가시화한 결과물로서, 회화 속에서 객관적 실재는 주관
화된다. 현대회화의 화가들은 현실에서 목격하는 일상의 모
습이 비대칭적이고 혼란스럽더라도 임의로 대칭을 만들거나 
현실을 조작하는 등의 방법으로 비현실적 허구를 표현해 내
고자 했다. 이렇게 예술을 통해 현실이 추상화되는 과정에서 
예술은 객관적 현실로부터 점차 멀어져 가는 경향을 보였다. 이러한 ㉮ 예술과 현실의 분리는 회화뿐 아니라 음악에서
도 나타난다. 음악에 사용되는 음은 현실의 무한한 소리 중 
극히 일부이며, 일상에서 들을 수 있는 일반적 소리와 달리 
균질적이고 세련되며 인위적인 배열을 ⓔ 따른다. 이렇게 음
악도 일상 현실과 거리를 두며 그 정체성을 확보해 왔다. 그런데 이러한 예술의 흐름에 대항하여 새로운 시도를 하는 
예술가들도 있었다. 화가이자 음악가였던 루솔로는 일상 현실
의 기계 소리를 소음이 아닌 음악적 표현 대상으로 삼아, 소
음 기계를 악기로 만들었다. 작곡가 바레즈는 분절된 몇 개의 
음만을 표현할 수 있는 일반적 악기와 달리, 사이렌이 음과 
음 사이의 분절되지 않은 무한한 음을 낼 수 있는 일상적 사
물이라는 점에 주목하여 사이렌으로 음악을 표현했다. 또한 
작곡가 셰페르는 사람의 소리, 기계 소리, 자연음 등을 ‘음향 
오브제’로 활용하는 ‘구체음악’을 창시하기도 하였다. 
 게르노트 뵈메는 예술의 영역을 일상적 삶으로 확장하려는 
이러한 노력을 ‘확장된 미학’이라 일컬었다. 뵈메는 예술의 
미적 경험이 일상적인 맥락에서 분리되어 예술가라는 특별한 
존재에 의해 창조되는 특정한 미적 대상에만 국한된다고 보
는 기존의 미학을 비판하며, 예술이 창작되고 수용되는 미적 
경험이 일상적 현실로까지 확장되어야 한다고 보았다.",인문,(가) ,,,"(가) 다양한 인식 주체들에 의해 다르게 해석되는 '세계'의 본질과 그 변화를 설명하며, 현대 회화가 이러한 변화를 반영하고 있다고 제시한다.

(나) 회화는 가시적 존재로서만 있지 않고, 창작자와 감상자의 주관에 따라 다양하게 형성되는 비가시적 존재임을 설명한다.

(다) 현대 회화는 객관적 현실을 사실적으로 재현하는 전통회화와 달리, 화가의 주관적 세계를 가시화하는 방향으로 발전하였다.

(라) 예술은 현실과의 경계를 뛰어넘으며 자신만의 창의적 접근을 모색하는 다양한 시도를 통해 발전해 왔음을 보여준다.

(마) 일상 현실의 소리와 사물을 음악적 표현 대상으로 삼는 예술가들의 창조적 시도가 소개된다."
,2023,9,1,없음,,,,,,
,2023,9,1,없음,,,,,,
,2022,9,1,없음,,,,,,
,2022,9,1,없음,,,,,,
,2022,9,1,없음,,,,,,
,2021,9,1,없음,,,,,,
,2021,9,1,,,,,,,
,2021,9,1,,,,,,,
,2020,9,1,37,"컴퓨터의 중앙처리장치인 CPU는 데이터를 처리하기 위해 주
기억장치와 끊임없이 데이터를 주고받는다. 그런데 CPU는 처
리 속도가 매우 빠른 반면, 주기억장치의 처리 속도는 상대적
으로 느리다. 그렇기 때문에 CPU가 명령을 실행할 때마다 주
기억장치로부터 데이터를 읽어 오면 두 장치의 처리 속도의 차
이로 인해 명령을 빠르게 실행할 수가 없다. 그래서 캐시 기억
장치를 활용하여 데이터 처리 속도를 향상시킨다. 캐시 기억장
치는 CPU 내에 또는 CPU와 주기억장치 사이에 위치한 기억장
치로 주기억장치보다 용량은 작지만 처리 속도가 매우 빠르다. 이러한 캐시 기억장치에 주기억장치의 데이터 중 자주 사용되
는 데이터의 일부를 복사해 두고 CPU가 이 데이터를 사용하도
록 하는 과정을 ‘캐싱(caching)’이라고 한다. 캐싱이 효율적으로 이루어지려면 CPU가 캐시 기억장치에 저
장된 데이터를 반복적으로 사용하는 것이 중요한데 이를 위해 
고려되는 것이 참조의 지역성이다. 참조의 지역성은 시간적 지
역성과 공간적 지역성으로 나눌 수 있다. 시간적 지역성은 
CPU가 한 번 사용한 특정 데이터가 가까운 미래에 다시 사용
될 가능성이 높은 것을 말하고, 공간적 지역성은 한 번 사용한 
데이터 근처에 있는 데이터가 곧 사용될 가능성이 높은 것을 
말한다. 한편 주기억장치는 ‘워드(word)’ 단위로 데이터가 저장되고 
캐시 기억장치는 ‘블록(block)’ 단위로 데이터가 저장된다. 이
때 워드는 비트(bit)*의 집합이고 블록은 연속된 워드 여러 개
의 묶음을 말한다. 주기억장치의 데이터가 캐시 기억장치에 저
장되는 장소를 ‘라인(line)’이라고 한다. 캐시 기억장치는 일반
적으로 하나의 라인에 하나의 블록이 들어갈 수 있도록 설계되
어 있기 때문에 주기억장치에서 캐시 기억장치로 데이터를 전
송할 때에는 블록 단위로 데이터를 전송한다. 캐시 기억장치의 
용량은 주기억장치보다 훨씬 작기 때문에 주기억장치의 블록 
중에서 일부만 캐시 기억장치에 저장될 수 있다. 그러므로 캐
싱을 위해서는 주기억장치의 여러 블록이 캐시 기억장치의 하
나의 라인을 공유하여 사용해야 한다. 예를 들어 어떤 컴퓨터의 주기억장치의 데이터 용량을 워
드 2
n개, 캐시 기억장치의 데이터 용량을 워드 M개라고 가
정해 보자. 이때 주기억장치의 블록 한 개가 K개의 워드로 
이루어져 있다고 하면 이 주기억장치의 총 블록 개수는 
2
n
/K개가 되며 각 워드는 n비트의 주소로 지정된다. 그리고 
캐시 기억장치의 각 라인은 K개의 워드로 채워지므로 캐시 
기억장치에는 총 M/K개의 라인이 만들어진다. 캐싱이 이루어질 때 CPU가 요청한 데이터가 캐시 기억장치
에 있는지 여부를 확인하고 해당 데이터를 불러오기 위해 주기
억장치의 데이터 주소가 사용된다. 이 주소는 ‘태그 필드, 라인 
필드, 워드 필드’의 형식으로 구성되어 있는데 ‘태그 필드’는 
캐시 기억장치의 특정 라인에 주기억장치의 어떤 블록이 저장
되어 있는지를 구분해 주는 역할을 한다. 그리고 ‘라인 필드’는 
주기억장치의 블록이 들어갈 캐시 기억장치의 라인을 지정해 
주며, ‘워드 필드’는 주기억장치의 각 블록에 저장되어 있는 워
드를 지정해 준다. 주기억장치의 데이터를 캐시 기억장치에 저장하는 방식에
는 여러 가지가 있는데 그중 하나가 ㉠‘직접 매핑’이다. 직접 
매핑은 주기억장치의 데이터를 블록 단위로 캐시 기억장치의 지정된 라인에 저장하는 방식이다. 직접 매핑 방식에서 
캐싱이 이루어지는 과정은 다음과 같다. CPU가 ‘태그 필드, 라인 필드, 워드 필드’로 이루어진 주소를 통해 데이터를 요
청하면, 우선 요청 주소의 라인 필드를 이용하여 캐시 기억
장치의 해당 라인을 확인한다. 그리고 해당 라인에 데이터
가 저장되어 있으면 그 라인의 태그와 요청 주소의 태그를 
비교한다. 이때 두 태그의 값이 일치하는 경우를 ‘캐시 히트
(cache hit)’라고 하며, 캐시 히트가 일어나면 주소의 워드 
필드를 이용하여 라인 내 워드들 중에서 해당 데이터를 찾
아 CPU에 보내 준다. 그런데 CPU가 요청한 주소의 태그와 
캐시 기억장치 라인의 태그가 일치하지 않거나 해당 라인이 
비어 있어서 요청한 데이터를 찾지 못하는 경우가 있다. 이
는 CPU가 요청한 데이터가 캐시 기억장치에 저장되어 있지 
않다는 의미로, 이 경우를 ‘캐시 미스(cache miss)’라고 한
다. 캐시 미스가 일어나면 요청 주소에 해당하는 블록을 주
기억장치에서 복사하여 캐시 기억장치의 지정된 라인에 저
장한다. 그리고 주소의 태그를 그 라인의 태그 필드에 기록
하고 요청된 데이터를 CPU에 보내 준다. 만약 그 라인에 
다른 블록이 저장되어 있다면 그 블록은 지워지고 새롭게 
가져온 블록이 저장된다. 직접 매핑은 CPU가 요청한 데이터가 캐시 기억장치에 있는
지 확인할 때 해당 라인만 검색하면 되기 때문에 검색 속도가 
빠르다. 그리고 회로의 구조가 단순하여 시스템을 구성하는 비
용이 저렴한 장점이 있다. 하지만 같은 라인에 저장되어야 하
는 서로 다른 블록을 CPU가 번갈아 요청하는 경우, 계속 캐시 
미스가 발생해서 반복적으로 블록이 교체되므로 시스템의 효율
이 ⓐ떨어질 수 있다. 그래서 캐시 기억장치의 라인 어디에나 
자유롭게 블록을 저장하는 ‘완전 연관 매핑’, 직접 매핑과 완전 
연관 매핑을 혼합한 ‘세트 연관 매핑’ 등을 활용하기도 한다. * 비트: 컴퓨터에서 정보를 나타내는 가장 기본적인 단위. 2진수의 0 또
는 1이 하나의 비트.",기술,"한나 아렌트의 정치와 관련된 이론을 
설명",,70%,주제: 캐시 메모리의 직접 매핑 방식에 대한 설명
,2019,9,1,16,"서양 철학은 ㉠ 존재에 대한 물음에서 시작되었다. 고대 그
리스 철학자 파르메니데스는 있는 것은 있고 없는 것은 없다
고 말했다. 그는 어떤 존재가 있다가 없어지고 없다가 있게 
되는 일은 불가능하다며 존재의 생성과 변화, 소멸을 부정했
다. 그에게 존재는 영원하며 절대적이고 불변성을 가지는 것
이었다. 이에 반해 헤라클레이토스는 존재의 생성과 변화를 
긍정했다. 그는 존재하는 모든 것이 변화의 과정 중에 있으
며 끊임없이 생성과 소멸을 반복하는 것이라고 생각했다. 존
재에 대한 두 철학자의 견해는 플라톤의 이데아론에 영향을 
주었다. 플라톤은 존재를 끊임없이 변하는 존재와 영원히 변
하지 않는 존재로 나누었다. 그는 우리가 경험하는 현실 세
계의 존재는 변한다고 생각했다. 그리고 현실 세계에 존재하
는 모든 것의 근원을 이데아로 ⓐ 상정하고 이데아를 영원하
고 불변하는 존재, 그 자체로 완전한 진리로 여겼다. 반면에 
현실 세계의 존재는 이데아를 모방한 것일 뿐 이데아와 달리 
불완전하다고 보았다. 또한 감각을 통해 인식할 수 있는 현
실 세계의 존재와 달리 이데아는 오직 이성에 의해서만 인식
할 수 있다는 이성 중심의 사유를 전개했다. 플라톤의 이러
한 철학적 견해는 이후 서양 철학의 주류가 되었다. 
 그러나 플라톤의 견해를 바탕으로 한 서양 철학의 주류적 
입장은 근대에 이르러 니체에 의해 강한 비판을 받았다. 헤라클레이토스의 견해를 받아들인 니체는 영원히 변하지 않는 
존재, 절대적이고 영원한 진리는 없다고 주장했다. 또한 우리
가 살고 있는 현실 세계가 유일한 세계라면서 ‘신은 죽었다’ 라고 선언하며 형이상학적 이원론*이 말하는 진리, 신 중심의 
초월적 세계, 합리적 이성 체계 모두를 부정했다. 니체는 형
이상학적 이원론이 진리를 영원불변한 것으로 고정하고, 현
실 너머의 이상 세계와 초월적 대상을 생명의 근원으로 설정
함으로써 인간이 현실의 삶을 부정하도록 만들었다고 보았
다. 그래서 생명의 근원과 삶의 의미를 상실한 인간은 허무
에 ⓑ 직면하게 되었다는 것이다. 
 니체는 허무에서 벗어나기 위해서는 생명의 본질을 ⓒ 회
복해야 한다고 했다. 그는 인간이 자신의 삶을 지탱할 수 있
게 하는 것을 ‘힘에의 의지’로 보았다. 니체가 말하는 ‘힘에의 
의지’는 주변인이나 사물을 자기 마음대로 지배하고 억압하
려는 의지가 아니라 자기 극복을 이끌어 내고 생명의 상승을 
지향하는 의지로 이해할 수 있다. 니체는 이러한 ‘힘에의 의
지’가 생성과 변화의 끊임없는 과정 중에서 창조적 생성 작
용을 하는데, 그 최고의 형태가 예술이라고 했다. 그는 본능
에 내재한 감성을 바탕으로 하는 예술적 충동을 중시하였고, 예술가의 창작 활동을 인간의 삶의 가치 상승을 도와주는 
‘힘에의 의지’로 보았다. 그는 예술을 통해 생명력을 회복하
고 허무를 극복할 수 있음을 강조한 것이다. 
 이러한 니체의 철학적 견해는 20세기 초의 예술가들에게 
많은 영향을 주었는데, 특히 회화에서 독일의 표현주의가 니
체의 철학을 ⓓ 수용했다. 표현주의는 전통적인 사실주의 미
학을 따르지 않았다. 사실주의 미학은 형이상학적 이원론에 
근거하여 존재와 진리의 참모습을 모방하는 것을 예술의 목
적으로 받아들이는 재현의 미학이었다. 그러나 니체의 철학
적 관점에서 예술을 이해한 표현주의 화가들은 예술의 목적
을 대상의 재현이 아니라 인간의 감정과 충동을 표현하는 것
으로 생각했다. 그들은 사실주의 미학에서 이성보다 열등한 
것이라고 여겼던 감정을 존재의 본질을 드러내는 것으로 보
았다. 그들이 생각하는 인간의 감정은 시시각각 변화하며 생
성과 소멸을 반복하는 것이었기에 그림을 그리는 동안에도 
매 순간 변화하는 감정을 중시했다. 그래서 대상의 비례와 고
유한 형태를 왜곡하고, 색채도 실제보다 더 강하게 과장해서 
그리거나 대비되는 원색을 대담하게 사용하는 등의 방법을 통
해 자신의 감정과 충동을 표현했다. 또한 원근법에 얽매이지 
않는 화면 구성을 보임으로써 작품에서 드러나는 공간이 현실 
공간의 재현이 아니라 화가 자신의 감정을 표현하기 위한 상
징과 의미를 생산하는 공간이라는 인식을 드러냈다. 
 표현주의 화가들은 이성과 합리성의 가치를 추구하던 당시 
사회의 분위기에 ⓔ 반발하며 예술가로서의 감정적, 주관적인 
표현을 예술이 추구해야 하는 가치로 보았다. 그들은 자유로
운 형태와 색채로 자신들이 가지고 있던 내면의 불안, 공포, 고뇌 등을 예술로써 극복하려고 노력하면서 강한 생명력을 
보여 주었다. 결국 화가의 내면을 적극적으로 표현했던 표현
주의는 니체의 철학을 근거로 예술에 대한 새로운 해석을 보
여 주었다고 할 수 있다. 
 * 형이상학적 이원론 : 세계를 경험의 세계와 경험을 초월한 세계로 
나누고, 사물의 본질과 존재의 근본 원리를 사유를 통해 연구하는 
이론.","인문, 예술","존재에 대한 철학자들의 견해를 살펴본 
후, 플라톤의 철학적 견해와 니체의 이러한 견해가 
예술에 미친 영향을 표현주의 회화를 중심으로 설
명",중하,84%,"
서양 철학의 존재론적 논의를 통해 현실과 이데아 사이의 관계와 예술에 미친 영향을 살펴본다."
,2017,11,1,25,"일반적으로 의사들은 청진기를 통해 들리는 심장음*으로 환자
의 상태를 점검한다. 심장은 우리 몸에 혈액을 안정적으로 순환
시키는 기관으로 펌프와 같은 작용을 하는데, 매우 짧은 시간에
수축과 이완을 반복한다. 이러한 심장의 주기적인 리듬을 ‘심장
박동’이라고 하며 이 과정에서 심장음이 발생되는 것이다. 그렇
다면 심장 박동은 구체적으로 어떤 과정을 거쳐 일어나며, 심장음
은 왜 발생하는 것일까?
이 궁금증을 해결하기
위해서는 우선 ㉠ 심장의
구조와 혈액의 순환 과정
을 살펴볼 필요가 있다. 심장은 [그림]과 같이 우
심방과 우심실, 좌심방과
좌심실로 구성되어 있다. 각 심방과 심실 사이에는
방실판막이 있고, 우심실
과 폐동맥 사이, 좌심실과
대동맥 사이에는 동맥판
막이 있다. 여기서 판막은 혈액을 한 방향으로만 흐르게 하는 역
할을 한다는 점에서 마치 한쪽으로만 열리는 출입문에 비유될
수 있다. 방실판막은 심방에서 심실로만 열리는데, 심방의 압력
이 심실의 압력보다 높을 경우에만 열린다. 동맥판막 역시 압력
의 차이로 인해 심실에서 동맥으로만 열린다. 그리고 혈액의 순
환 과정은 다음과 같다. 혈액은 몸 전체의 세포와 조직에 산소를
공급하고 이들로부터 이산화탄소를 받은 후 우심방, 우심실을 거
쳐 폐동맥을 통해 폐로 이동된다. 이후 폐에서 산소를 공급받은
혈액은 좌심방으로 되돌아와 좌심실을 거쳐 대동맥을 통해 몸
전체로 나가게 된다. 이 과정에서 우심실과 좌심실은 동시에 수
축됨으로써 같은 양의 혈액을 폐나 몸 전체로 내보내는데, 혈액
을 폐로 보내는 것보다 몸 전체로 보낼 때 더 강한 힘이 필요하
므로 좌심실 벽이 우심실 벽보다 더 두껍다. ㉡ 심장의 박동은 심실 확장기, 등용적 심실 수축기, 심실 수
축기를 포함하는 수축 단계와 등용적 심실 이완기, 심실 채우기
를 포함하는 이완 단계를 반복적으로 거친다. 이 과정은 약 0.8
초를 주기로 하여 좌심방과 좌심실, 우심방과 우심실에서 동시
에 일어난다. 먼저 동방결절*에서 발생한 전기 신호가 심방의
근육으로 전달되면 심방이 수축된다. 이로 인해 심방의 압력이
심실의 압력보다 조금 높아지므로 심방에서 심실로 혈액이 흘
러 심실의 크기가 지속적으로 커지는데 이를 심실 확장기라고
한다. 이 시기에는 심방을 수축시킨 전기 신호가 방실판막과 심
방 벽을 진동시켜 ‘제4심장음’이 발생한다. 그리고 동방결절에서
발생한 그 전기 신호가 방실결절*을 통해 심실 전체로까지 전달
되면 심실이 수축되기 시작한다. 이로 인해 심실의 압력이 증가
하여 심방의 압력보다 높아지므로 방실판막이 닫힌다. 그런데
심실의 압력은 동맥의 압력보다 여전히 낮기 때문에 동맥판막
은 닫혀 있다. 따라서 수축으로 인한 심실의 압력 증가가 일정
수준에 이르기 전까지는 4개의 판막은 모두 닫혀 있다. 이는 혈
액의 이동이 순간적으로 중지된 상태이므로 심실의 크기는 일
정하게 유지되는데 이를 등용적 심실 수축기라고 한다. 이 시기
에는 방실판막이 닫힐 때 길고 둔한 소리가 발생하는데 이를
‘제1심장음’이라고 한다. 수축 단계의 마지막 과정인 심실 수축
기는, 계속 증가해 온 심실의 압력이 동맥의 압력보다 높아지게
되어 동맥판막이 열리고 혈액이 심실에서 몸 전체나 폐로 빠져
나가는 시기를 말한다. 이 시기에는 심실의 압력이 심방의 압력
보다 높기 때문에 방실판막은 여전히 닫혀 있고, 혈액은 심실
밖으로 빠져나갔으므로 심실의 크기는 이전 시기보다 작아진다. 전기 신호로 인한 수축 단계가 끝나고 심실이 이완되면 심실
의 압력이 동맥의 압력보다 낮아져 동맥판막이 닫히게 된다. 그
런데 심실의 압력은 심방의 압력보다 여전히 높으므로 방실판
막은 열리지 않는다. 따라서 이완으로 인한 심실의 압력 감소가
일정 수준에 이르기 전까지는 4개의 판막이 모두 닫혀 있다. 이
상태에서는 등용적 심실 수축기처럼 심실의 크기가 일정하게
유지되는데 이를 등용적 심실 이완기라고 한다. 이 시기에는 동
맥판막이 닫힐 때 ‘제1심장음’보다 짧고 예리한 소리가 발생하
는데 이를 ‘제2심장음’이라고 한다. 이후 심실이 이완되면서 계
속 감소해 온 심실의 압력이 심방의 압력보다도 낮아지면 방실
판막이 열려 심실로 혈액이 조금씩 들어오는데 이를 심실 채우
기라고 한다. 이때 방실판막이 열리면서 ‘제3심장음’이 발생한다. 이처럼 심장의 박동은 심장의 수축과 이완에 따른 압력 또는
크기의 변화와 밀접한 관련이 있으며 시기별로 일정한 심장음
을 발생시킨다는 특성이 있다. ‘제1심장음’과 ‘제2심장음’은 일
반적으로 의사들이 청진기를 통해 분명하게 들을 수 있다. ‘제3
심장음’은 그 소리가 약해서 소아나 청소년들에게서만 들리며,
‘제4심장음’은 음정이 낮고 짧아 드물게 들린다. 만약 판막이나
혈관 등에 이상이 생길 경우 정상적인 심장음 이외의 소리가
발생하고 이를 통해 질병이 감지될 수 있는 것이다. ＊ 심장음: 심장 기능에 의해 생기는 음. ＊ 동방결절: 전기 신호를 생성하여 심장을 수축시킴으로써 심장 박
동의 리듬을 결정하는 심장의 한 부분. ＊ 방실결절: 특수 심장 근육의 하나로 동방결절에서 진행된 흥분을
심실 근육 쪽으로 전달하는 기능을 가진 심장의 한 부분. ",과학,"심장의 구조와 혈액 순환 과정, 그리고 심장 박동 과정에서 발생하는 심장음의 원리",,,
,2017,11,1,20,"두 나라가 자발적으로 무역을 하기 위해서는 두 나라 모두
이익을 얻을 수 있어야 한다. 만일 무역 당사국이 이익을 전혀
얻지 못하거나 손실을 본다면, 이 나라는 무역을 하지 않을 것
이기 때문이다. 그러면 무역을 통해 이익이 발생할 수 있는 이
유는 무엇일까? 또 무역에서 수출입 재화는 각각 어떻게 결정
될까?
A국과 B국에서 자동차와 신발을 생산하는 상황을 가정해
보자. 아래 <그림>과 같이 A국은 이용 가능한 생산요소*를
모두 투입하여 최대 자동차 10대 혹은 신발 1,000켤레를 만들
수 있다. 한편, B국에서는 동일한 조건하에 자동차 3대 또는
신발 600켤레를 생산할 수 있다.
이때 국가 간
비교 우위 산업의
차이에 의해서 무
역의 이익이 발생
할 수 있다. 비교
우위란 어떤 재화
생산의 기회비용
이 다른 나라보다
작은 경우를 의미
하며, 이때 기회비용이란 그 재화 생산으로 인해 포기해야 하
는 다른 재화의 가치를 말한다. 위의 상황에서 A국이 자동차
를 1대 더 생산하기 위해서는 신발 생산을 100켤레 줄여야
한다. 즉, A국 입장에서 자동차 1대 생산의 기회비용은 신발
100켤레와 같다. 한편, B국은 자동차 1대 생산의 기회비용이
신발 200켤레가 된다. 이 경우 A국의 자동차 생산의 기회비용
이 B국의 그것보다 작으므로, A국이 자동차 생산에 있어 비교
우위를 갖고 있다. 반면, ㉠ B국은 신발 생산에 있어 비교 우
위를 갖게 된다.
따라서 A국이 자동차를 특화해 B국에 수출하고, B국은 신
발을 특화해 A국에 수출하면 무역을 하지 않을 때에 비해 양
국 모두 이익을 얻을 수 있다. 위 <그림>에서 A국이 자동차
만 10대 생산(a)하고 B국이 신발만 600켤레를 생산(b)해서
양국이 무역을 한다고 하자. 이때 A국이 자동차 2대를 수출하
고 그 대신 B국으로부터 신발 300켤레를 수입한다면, A국은
자동차 8대와 신발 300켤레의 조합(a′)을, B국은 자동차 2대
와 신발 300켤레의 조합(b′)을 소비할 수 있다. 즉 무역을 통
해 양국은 무역 이전에는 생산할 수 없었던 재화량의 조합을
생산하는 것과 같은 효과를 갖게 되어 무역을 통한 이익을 얻
을 수 있다.
이처럼 각국의 비교 우위 산업이 존재하는 이유에 대해 20
세기 초의 경제학자 헥셔는 국가 간 생산요소 부존량*의 상대
적 차이가 비교 우위를 낳는다고 보았다. 그에 따르면, 각국은
타국에 비해 상대적으로 풍부한 생산요소를 집약적으로 사용하
는 재화의 생산에 비교 우위를 갖는다. 즉 재화마다 각 생산요
소들이 투입되는 비율이 다르기 마련인데, 어떤 재화 생산에
특정 생산요소가 집약적으로 사용된다면 그 생산요소를 다른
나라들에 비해 풍부하게 보유하고 있는 국가가 해당 재화의 생
산에 비교 우위를 갖게 된다는 것이다. 예를 들어, 어떤 국가가
자동차 · 선박 등 자본 집약재의 수출국이고 신발 · 의류 등 노
동 집약재의 수입국이라면, 그 국가는 타국에 비해 자본은 상
대적으로 풍부하고 노동은 그렇지 않다고 판단할 수 있다.
각국의 비교 우위 산업은 국가 간 생산요소 부존량의 상대
적 차이가 변화함에 따라 바뀔 수도 있다. 우리나라도 과거 경
공업 위주의 노동 집약적 산업에서 자본 집약적인 중화학 공
업, 최근의 지식 집약적인 IT 산업까지 주요 산업 및 수출품
이 변화해 왔다. 이는 경제 성장에 따라 각 생산요소들의 부존
비율이 변화함으로써 우리나라의 비교 우위 산업이 변화해 왔
기 때문이다.
* 생산 가능 곡선 : 한 경제의 이용 가능한 생산요소들을 가장 효율적으
로 투입하여 생산할 수 있는 각 재화 생산량의 조합을 나타낸 선.
* 생산요소 : 재화를 생산하기 위해 필요한 노동, 자본 등의 투입 요소.
* 생산요소 부존량 : 한 경제 내에 존재하고 있는 생산요소의 양.
",사회,비교 우위에 따른 국가 간 무역의 이익과 무역 재화 결정의 원리,,,